<galaxy>
	<star name="Sol" temp="100" x="0" y="0" size="1.0" numPlanets="0" numGasGiants="0">
		<planet name="Earth" DIMID="0" dimMapping="">
			<isKnown>true</isKnown>
			<fogColor>1.0,1.0,1.0</fogColor>
			<skyColor>1.0,1.0,1.0</skyColor>
			<gravitationalMultiplier>100</gravitationalMultiplier>
			<orbitalDistance>100</orbitalDistance>
			<orbitalPhi>0</orbitalPhi>
			<rotationalPeriod>24000</rotationalPeriod>
			<atmosphereDensity>100</atmosphereDensity>
			<planet name="Luna" DIMID="3">
				<isKnown>false</isKnown>
				<fogColor>1.0,1.0,1.0</fogColor>
				<skyColor>1.0,1.0,1.0</skyColor>
				<gravitationalMultiplier>16</gravitationalMultiplier>
				<orbitalDistance>150</orbitalDistance>
				<orbitalPhi>0</orbitalPhi>
				<rotationalPeriod>128000</rotationalPeriod>
				<atmosphereDensity>0</atmosphereDensity>
				<biomeIds>advancedrocketry:moon,advancedrocketry:moondark</biomeIds>
			</planet>
		</planet>
		<planet name="Sol-16" DIMID="16">
			<isKnown>false</isKnown>
			<fogColor>1.0,1.0,1.0</fogColor>
			<skyColor>0.8,0.5167193,0.5284766</skyColor>
			<gravitationalMultiplier>110</gravitationalMultiplier>
			<orbitalDistance>27</orbitalDistance>
			<orbitalPhi>0</orbitalPhi>
			<rotationalPeriod>18031</rotationalPeriod>
			<atmosphereDensity>56</atmosphereDensity>
			<biomeIds>biomesoplenty:tropical_rainforest,abyssalcraft:dreadlands,biomesoplenty:gravel_beach,twilightforest:fire_swamp,minecraft:savanna_rock</biomeIds>
			<oceanBlock>minecraft:lava</oceanBlock>
		</planet>
		<planet name="Sol-17" DIMID="17">
			<isKnown>false</isKnown>
			<fogColor>1.0,1.0,1.0</fogColor>
			<skyColor>0.25888336,0.55327976,1.0</skyColor>
			<gravitationalMultiplier>130</gravitationalMultiplier>
			<orbitalDistance>102</orbitalDistance>
			<orbitalPhi>1</orbitalPhi>
			<rotationalPeriod>10923</rotationalPeriod>
			<atmosphereDensity>0</atmosphereDensity>
			<biomeIds>advancedrocketry:moon,advancedrocketry:moondark</biomeIds>
			<planet name="Sol-17: 0" DIMID="18">
				<isKnown>false</isKnown>
				<fogColor>1.0,1.0,1.0</fogColor>
				<skyColor>0.0,0.51944184,1.0</skyColor>
				<gravitationalMultiplier>42</gravitationalMultiplier>
				<orbitalDistance>179</orbitalDistance>
				<orbitalPhi>-1</orbitalPhi>
				<rotationalPeriod>323939</rotationalPeriod>
				<atmosphereDensity>22</atmosphereDensity>
				<biomeIds>advancedrocketry:moon,advancedrocketry:moondark</biomeIds>
			</planet>
		</planet>
		<planet name="Sol-19" DIMID="19">
			<isKnown>false</isKnown>
			<fogColor>1.0,1.0,1.0</fogColor>
			<skyColor>0.8,0.85567105,0.25753343</skyColor>
			<gravitationalMultiplier>120</gravitationalMultiplier>
			<orbitalDistance>88</orbitalDistance>
			<orbitalPhi>-5</orbitalPhi>
			<rotationalPeriod>13888</rotationalPeriod>
			<atmosphereDensity>135</atmosphereDensity>
			<biomeIds>minecraft:mushroom_island</biomeIds>
			<planet name="Sol-19: 0" DIMID="20">
				<isKnown>false</isKnown>
				<fogColor>1.0,1.0,1.0</fogColor>
				<skyColor>0.37158298,0.9594661,1.0</skyColor>
				<gravitationalMultiplier>84</gravitationalMultiplier>
				<orbitalDistance>123</orbitalDistance>
				<orbitalPhi>-2</orbitalPhi>
				<rotationalPeriod>40492</rotationalPeriod>
				<atmosphereDensity>30</atmosphereDensity>
				<biomeIds>biomesoplenty:lush_desert,minecraft:mutated_extreme_hills,twilightforest:twilight_stream,minecraft:mutated_savanna_rock,twilightforest:firefly_forest</biomeIds>
			</planet>
			<planet name="Sol-19: 1" DIMID="21">
				<isKnown>false</isKnown>
				<fogColor>1.0,1.0,1.0</fogColor>
				<skyColor>0.5429462,0.5599915,1.0</skyColor>
				<gravitationalMultiplier>36</gravitationalMultiplier>
				<orbitalDistance>109</orbitalDistance>
				<orbitalPhi>-4</orbitalPhi>
				<rotationalPeriod>514403</rotationalPeriod>
				<atmosphereDensity>30</atmosphereDensity>
				<biomeIds>minecraft:jungle_hills,biomesoplenty:mountain_foothills,abyssalcraft:dark_realm,biomesoplenty:land_of_lakes,abyssalcraft:dreadlands_mountains</biomeIds>
			</planet>
			<planet name="Sol-19: 2" DIMID="22">
				<isKnown>false</isKnown>
				<fogColor>1.0,1.0,1.0</fogColor>
				<skyColor>0.08699572,0.6489007,1.0</skyColor>
				<gravitationalMultiplier>50</gravitationalMultiplier>
				<orbitalDistance>148</orbitalDistance>
				<orbitalPhi>0</orbitalPhi>
				<rotationalPeriod>192000</rotationalPeriod>
				<atmosphereDensity>18</atmosphereDensity>
				<seaLevel>75</seaLevel>
				<biomeIds>advancedrocketry:moon,advancedrocketry:moondark</biomeIds>
				<oceanBlock>advancedrocketry:oxygenfluid</oceanBlock>
			</planet>
			<oceanBlock>minecraft:lava</oceanBlock>
		</planet>
		<planet name="Sol-4" DIMID="4">
			<isKnown>false</isKnown>
			<GasGiant>true</GasGiant>
			<fogColor>1.0,1.0,1.0</fogColor>
			<skyColor>1.0,1.0,1.0</skyColor>
			<gravitationalMultiplier>130</gravitationalMultiplier>
			<orbitalDistance>200</orbitalDistance>
			<orbitalPhi>0</orbitalPhi>
			<rotationalPeriod>24000</rotationalPeriod>
			<atmosphereDensity>198</atmosphereDensity>
			<planet name="Sol-4: 0" DIMID="5">
				<isKnown>false</isKnown>
				<fogColor>1.0,1.0,1.0</fogColor>
				<skyColor>0.49910992,0.62192804,1.0</skyColor>
				<gravitationalMultiplier>51</gravitationalMultiplier>
				<orbitalDistance>104</orbitalDistance>
				<orbitalPhi>-3</orbitalPhi>
				<rotationalPeriod>180925</rotationalPeriod>
				<atmosphereDensity>30</atmosphereDensity>
				<biomeIds>advancedrocketry:crystalchasms</biomeIds>
			</planet>
			<planet name="Sol-4: 1" DIMID="6">
				<isKnown>false</isKnown>
				<fogColor>1.0,1.0,1.0</fogColor>
				<skyColor>0.0,0.99094766,1.0</skyColor>
				<gravitationalMultiplier>79</gravitationalMultiplier>
				<orbitalDistance>179</orbitalDistance>
				<orbitalPhi>0</orbitalPhi>
				<rotationalPeriod>48677</rotationalPeriod>
				<atmosphereDensity>17</atmosphereDensity>
				<biomeIds>advancedrocketry:moon,advancedrocketry:moondark</biomeIds>
			</planet>
			<planet name="Sol-4: 2" DIMID="8">
				<isKnown>false</isKnown>
				<fogColor>1.0,1.0,1.0</fogColor>
				<skyColor>0.2846877,0.5627197,1.0</skyColor>
				<gravitationalMultiplier>88</gravitationalMultiplier>
				<orbitalDistance>132</orbitalDistance>
				<orbitalPhi>-4</orbitalPhi>
				<rotationalPeriod>35217</rotationalPeriod>
				<atmosphereDensity>24</atmosphereDensity>
				<biomeIds>advancedrocketry:moon,advancedrocketry:moondark</biomeIds>
			</planet>
			<planet name="Sol-4: 3" DIMID="9">
				<isKnown>false</isKnown>
				<fogColor>1.0,1.0,1.0</fogColor>
				<skyColor>0.31299418,0.7262242,1.0</skyColor>
				<gravitationalMultiplier>64</gravitationalMultiplier>
				<orbitalDistance>133</orbitalDistance>
				<orbitalPhi>0</orbitalPhi>
				<rotationalPeriod>91552</rotationalPeriod>
				<atmosphereDensity>33</atmosphereDensity>
				<biomeIds>minecraft:mutated_forest,minecraft:roofed_forest,biomesoplenty:wasteland,thaumcraft:eerie,abyssalcraft:darklands_hills</biomeIds>
			</planet>
		</planet>
		<planet name="Sol-23" DIMID="23">
			<isKnown>false</isKnown>
			<fogColor>1.0,1.0,1.0</fogColor>
			<skyColor>0.75829256,0.9278091,1.0</skyColor>
			<gravitationalMultiplier>130</gravitationalMultiplier>
			<orbitalDistance>168</orbitalDistance>
			<orbitalPhi>-1</orbitalPhi>
			<rotationalPeriod>10923</rotationalPeriod>
			<atmosphereDensity>107</atmosphereDensity>
			<biomeIds>minecraft:stone_beach,minecraft:ocean,biomesoplenty:origin_island,minecraft:mutated_redwood_taiga,twilightforest:oak_savannah</biomeIds>
			<planet name="Sol-23: 0" DIMID="24">
				<isKnown>false</isKnown>
				<fogColor>1.0,1.0,1.0</fogColor>
				<skyColor>0.0,0.89241827,1.0</skyColor>
				<gravitationalMultiplier>60</gravitationalMultiplier>
				<orbitalDistance>178</orbitalDistance>
				<orbitalPhi>-1</orbitalPhi>
				<rotationalPeriod>111111</rotationalPeriod>
				<atmosphereDensity>17</atmosphereDensity>
				<biomeIds>advancedrocketry:moon,advancedrocketry:moondark</biomeIds>
			</planet>
		</planet>
		<planet name="Sol-25" DIMID="25">
			<isKnown>false</isKnown>
			<fogColor>1.0,1.0,1.0</fogColor>
			<skyColor>0.8,0.53394794,1.0</skyColor>
			<gravitationalMultiplier>130</gravitationalMultiplier>
			<orbitalDistance>55</orbitalDistance>
			<orbitalPhi>3</orbitalPhi>
			<rotationalPeriod>10923</rotationalPeriod>
			<atmosphereDensity>24</atmosphereDensity>
			<biomeIds>advancedrocketry:moon,advancedrocketry:moondark</biomeIds>
			<planet name="Sol-25: 0" DIMID="26">
				<isKnown>false</isKnown>
				<hasRings>true</hasRings>
				<ringColor>0.20314527,0.5256034,1.0</ringColor>
				<fogColor>1.0,1.0,1.0</fogColor>
				<skyColor>0.20314527,0.5256034,1.0</skyColor>
				<gravitationalMultiplier>48</gravitationalMultiplier>
				<orbitalDistance>138</orbitalDistance>
				<orbitalPhi>0</orbitalPhi>
				<rotationalPeriod>217013</rotationalPeriod>
				<atmosphereDensity>18</atmosphereDensity>
				<biomeIds>advancedrocketry:moon,advancedrocketry:moondark</biomeIds>
			</planet>
			<planet name="Sol-25: 1" DIMID="27">
				<isKnown>false</isKnown>
				<fogColor>1.0,1.0,1.0</fogColor>
				<skyColor>0.16994298,0.59532213,1.0</skyColor>
				<gravitationalMultiplier>74</gravitationalMultiplier>
				<orbitalDistance>146</orbitalDistance>
				<orbitalPhi>-3</orbitalPhi>
				<rotationalPeriod>59226</rotationalPeriod>
				<atmosphereDensity>26</atmosphereDensity>
				<biomeIds>biomesoplenty:flower_island,twilightforest:mushroom_forest,minecraft:deep_ocean,abyssalcraft:omothol,biomesoplenty:corrupted_sands</biomeIds>
			</planet>
			<planet name="Sol-25: 2" DIMID="28">
				<isKnown>false</isKnown>
				<fogColor>1.0,1.0,1.0</fogColor>
				<skyColor>0.54090655,0.9870907,1.0</skyColor>
				<gravitationalMultiplier>58</gravitationalMultiplier>
				<orbitalDistance>106</orbitalDistance>
				<orbitalPhi>-7</orbitalPhi>
				<rotationalPeriod>116857</rotationalPeriod>
				<atmosphereDensity>32</atmosphereDensity>
				<biomeIds>minecraft:ice_flats</biomeIds>
			</planet>
		</planet>
		<planet name="Sol-11" DIMID="11">
			<isKnown>false</isKnown>
			<fogColor>1.0,1.0,1.0</fogColor>
			<skyColor>0.8,0.6832887,0.0</skyColor>
			<gravitationalMultiplier>103</gravitationalMultiplier>
			<orbitalDistance>85</orbitalDistance>
			<orbitalPhi>-5</orbitalPhi>
			<rotationalPeriod>21963</rotationalPeriod>
			<atmosphereDensity>184</atmosphereDensity>
			<biomeIds>advancedrocketry:hotdryrock</biomeIds>
			<planet name="Sol-11: 0" DIMID="12">
				<isKnown>false</isKnown>
				<fogColor>1.0,1.0,1.0</fogColor>
				<skyColor>0.0,0.5037384,1.0</skyColor>
				<gravitationalMultiplier>42</gravitationalMultiplier>
				<orbitalDistance>196</orbitalDistance>
				<orbitalPhi>-1</orbitalPhi>
				<rotationalPeriod>323939</rotationalPeriod>
				<atmosphereDensity>27</atmosphereDensity>
				<biomeIds>twilightforest:dark_forest_center,thaumcraft:magical_forest,biomesoplenty:temperate_rainforest,twilightforest:deep_mushroom_forest,biomesoplenty:xeric_shrubland</biomeIds>
			</planet>
			<oceanBlock>minecraft:lava</oceanBlock>
		</planet>
		<planet name="Sol-13" DIMID="13">
			<isKnown>false</isKnown>
			<fogColor>1.0,1.0,1.0</fogColor>
			<skyColor>0.8,0.6749222,0.8721903</skyColor>
			<gravitationalMultiplier>103</gravitationalMultiplier>
			<orbitalDistance>89</orbitalDistance>
			<orbitalPhi>2</orbitalPhi>
			<rotationalPeriod>21963</rotationalPeriod>
			<atmosphereDensity>68</atmosphereDensity>
			<biomeIds>minecraft:plains,minecraft:mutated_taiga_cold,biomesoplenty:shield,thaumcraft:magical_forest,abyssalcraft:dreadlands_forest</biomeIds>
		</planet>
		<planet name="Sol-14" DIMID="14">
			<isKnown>false</isKnown>
			<fogColor>1.0,1.0,1.0</fogColor>
			<skyColor>0.40320086,0.8063159,1.0</skyColor>
			<gravitationalMultiplier>88</gravitationalMultiplier>
			<orbitalDistance>124</orbitalDistance>
			<orbitalPhi>-2</orbitalPhi>
			<rotationalPeriod>35217</rotationalPeriod>
			<atmosphereDensity>33</atmosphereDensity>
			<biomeIds>biomesoplenty:bamboo_forest,biomesoplenty:lush_desert,minecraft:mutated_mesa,biomesoplenty:oasis,advancedrocketry:marsh</biomeIds>
		</planet>
		<planet name="Sol-15" DIMID="15">
			<isKnown>false</isKnown>
			<fogColor>1.0,1.0,1.0</fogColor>
			<skyColor>0.8,0.65209585,0.3815155</skyColor>
			<gravitationalMultiplier>130</gravitationalMultiplier>
			<orbitalDistance>121</orbitalDistance>
			<orbitalPhi>-3</orbitalPhi>
			<rotationalPeriod>10923</rotationalPeriod>
			<atmosphereDensity>150</atmosphereDensity>
			<biomeIds>minecraft:ice_flats</biomeIds>
			<oceanBlock>minecraft:lava</oceanBlock>
		</planet>
	</star>
	<star name="Wolf 12" temp="10" x="300" y="-200" size="1.0" numPlanets="0" numGasGiants="0">
		<planet name="Sol-32" DIMID="32">
			<isKnown>false</isKnown>
			<fogColor>1.0,1.0,1.0</fogColor>
			<skyColor>0.67399025,0.6140341,1.0</skyColor>
			<gravitationalMultiplier>130</gravitationalMultiplier>
			<orbitalDistance>136</orbitalDistance>
			<orbitalPhi>6</orbitalPhi>
			<rotationalPeriod>10923</rotationalPeriod>
			<atmosphereDensity>78</atmosphereDensity>
			<seaLevel>76</seaLevel>
			<biomeIds>minecraft:ice_flats</biomeIds>
			<planet name="Sol-32: 0" DIMID="33">
				<isKnown>false</isKnown>
				<fogColor>1.0,1.0,1.0</fogColor>
				<skyColor>0.33681643,0.54301137,1.0</skyColor>
				<gravitationalMultiplier>56</gravitationalMultiplier>
				<orbitalDistance>130</orbitalDistance>
				<orbitalPhi>-4</orbitalPhi>
				<rotationalPeriod>136661</rotationalPeriod>
				<atmosphereDensity>29</atmosphereDensity>
				<biomeIds>biomesoplenty:rainforest,biomesoplenty:moor,twilightforest:fire_swamp,abyssalcraft:darklands_forest,biomesoplenty:bamboo_forest</biomeIds>
			</planet>
		</planet>
		<planet name="Sol-34" DIMID="34">
			<isKnown>false</isKnown>
			<fogColor>1.0,1.0,1.0</fogColor>
			<skyColor>0.13592523,0.8585347,1.0</skyColor>
			<gravitationalMultiplier>104</gravitationalMultiplier>
			<orbitalDistance>174</orbitalDistance>
			<orbitalPhi>1</orbitalPhi>
			<rotationalPeriod>20732</rotationalPeriod>
			<atmosphereDensity>52</atmosphereDensity>
			<biomeIds>minecraft:extreme_hills_with_trees,biomesoplenty:grove,advancedrocketry:oceanspires,minecraft:swampland,minecraft:mesa_rock</biomeIds>
			<planet name="Sol-34: 0" DIMID="35">
				<isKnown>false</isKnown>
				<fogColor>1.0,1.0,1.0</fogColor>
				<skyColor>0.3278541,0.7042867,1.0</skyColor>
				<gravitationalMultiplier>27</gravitationalMultiplier>
				<orbitalDistance>122</orbitalDistance>
				<orbitalPhi>-3</orbitalPhi>
				<rotationalPeriod>1219326</rotationalPeriod>
				<atmosphereDensity>22</atmosphereDensity>
				<biomeIds>advancedrocketry:moon,advancedrocketry:moondark</biomeIds>
			</planet>
			<planet name="Sol-34: 1" DIMID="36">
				<isKnown>false</isKnown>
				<fogColor>1.0,1.0,1.0</fogColor>
				<skyColor>0.3461973,0.979298,1.0</skyColor>
				<gravitationalMultiplier>75</gravitationalMultiplier>
				<orbitalDistance>122</orbitalDistance>
				<orbitalPhi>-3</orbitalPhi>
				<rotationalPeriod>56888</rotationalPeriod>
				<atmosphereDensity>32</atmosphereDensity>
				<biomeIds>twilightforest:fire_swamp,minecraft:mesa_clear_rock,thaumcraft:eerie,biomesoplenty:flower_island,biomesoplenty:kelp_forest</biomeIds>
			</planet>
			<planet name="Sol-34: 2" DIMID="37">
				<isKnown>false</isKnown>
				<fogColor>1.0,1.0,1.0</fogColor>
				<skyColor>0.20331836,0.81191444,1.0</skyColor>
				<gravitationalMultiplier>33</gravitationalMultiplier>
				<orbitalDistance>128</orbitalDistance>
				<orbitalPhi>0</orbitalPhi>
				<rotationalPeriod>667835</rotationalPeriod>
				<atmosphereDensity>22</atmosphereDensity>
				<seaLevel>47</seaLevel>
				<biomeIds>advancedrocketry:moon,advancedrocketry:moondark</biomeIds>
				<oceanBlock>advancedrocketry:oxygenfluid</oceanBlock>
			</planet>
		</planet>
		<planet name="Sol-38" DIMID="38">
			<isKnown>false</isKnown>
			<fogColor>1.0,1.0,1.0</fogColor>
			<skyColor>0.8,0.8906442,0.0</skyColor>
			<gravitationalMultiplier>130</gravitationalMultiplier>
			<orbitalDistance>91</orbitalDistance>
			<orbitalPhi>0</orbitalPhi>
			<rotationalPeriod>10923</rotationalPeriod>
			<atmosphereDensity>200</atmosphereDensity>
			<biomeIds>advancedrocketry:hotdryrock</biomeIds>
			<planet name="Sol-38: 0" DIMID="39">
				<isKnown>false</isKnown>
				<fogColor>1.0,1.0,1.0</fogColor>
				<skyColor>0.24024338,0.57195383,1.0</skyColor>
				<gravitationalMultiplier>46</gravitationalMultiplier>
				<orbitalDistance>135</orbitalDistance>
				<orbitalPhi>-1</orbitalPhi>
				<rotationalPeriod>246568</rotationalPeriod>
				<atmosphereDensity>23</atmosphereDensity>
				<seaLevel>76</seaLevel>
				<biomeIds>advancedrocketry:moon,advancedrocketry:moondark</biomeIds>
				<oceanBlock>advancedrocketry:oxygenfluid</oceanBlock>
			</planet>
			<planet name="Sol-38: 1" DIMID="40">
				<isKnown>false</isKnown>
				<fogColor>1.0,1.0,1.0</fogColor>
				<skyColor>0.18528718,0.5058399,1.0</skyColor>
				<gravitationalMultiplier>83</gravitationalMultiplier>
				<orbitalDistance>134</orbitalDistance>
				<orbitalPhi>-2</orbitalPhi>
				<rotationalPeriod>41973</rotationalPeriod>
				<atmosphereDensity>20</atmosphereDensity>
				<biomeIds>advancedrocketry:moon,advancedrocketry:moondark</biomeIds>
			</planet>
			<oceanBlock>minecraft:lava</oceanBlock>
		</planet>
		<planet name="Sol-41" DIMID="41">
			<isKnown>false</isKnown>
			<hasRings>true</hasRings>
			<ringColor>0.8,0.5040575,0.8695819</ringColor>
			<fogColor>1.0,1.0,1.0</fogColor>
			<skyColor>0.8,0.5040575,0.8695819</skyColor>
			<gravitationalMultiplier>121</gravitationalMultiplier>
			<orbitalDistance>84</orbitalDistance>
			<orbitalPhi>3</orbitalPhi>
			<rotationalPeriod>13547</rotationalPeriod>
			<atmosphereDensity>70</atmosphereDensity>
			<biomeIds>biomesoplenty:glacier,minecraft:mesa,abyssalcraft:omothol,beneath:the_beneath,biomesoplenty:lavender_fields</biomeIds>
		</planet>
		<planet name="Sol-29" DIMID="29">
			<isKnown>false</isKnown>
			<fogColor>1.0,1.0,1.0</fogColor>
			<skyColor>0.8,0.9777721,0.0</skyColor>
			<gravitationalMultiplier>107</gravitationalMultiplier>
			<orbitalDistance>17</orbitalDistance>
			<orbitalPhi>-2</orbitalPhi>
			<rotationalPeriod>19591</rotationalPeriod>
			<atmosphereDensity>130</atmosphereDensity>
			<biomeIds>advancedrocketry:hotdryrock</biomeIds>
			<planet name="Sol-29: 0" DIMID="30">
				<isKnown>false</isKnown>
				<fogColor>1.0,1.0,1.0</fogColor>
				<skyColor>0.19126987,0.64682925,1.0</skyColor>
				<gravitationalMultiplier>37</gravitationalMultiplier>
				<orbitalDistance>152</orbitalDistance>
				<orbitalPhi>-2</orbitalPhi>
				<rotationalPeriod>473812</rotationalPeriod>
				<atmosphereDensity>34</atmosphereDensity>
				<biomeIds>minecraft:stone_beach,abyssalcraft:purified_dreadlands,biomesoplenty:marsh,biomesoplenty:moor,biomesoplenty:mystic_grove</biomeIds>
			</planet>
			<planet name="Sol-29: 1" DIMID="31">
				<isKnown>false</isKnown>
				<fogColor>1.0,1.0,1.0</fogColor>
				<skyColor>0.27033335,0.7032175,1.0</skyColor>
				<gravitationalMultiplier>75</gravitationalMultiplier>
				<orbitalDistance>141</orbitalDistance>
				<orbitalPhi>0</orbitalPhi>
				<rotationalPeriod>56888</rotationalPeriod>
				<atmosphereDensity>34</atmosphereDensity>
				<biomeIds>minecraft:desert,twilightforest:dark_forest,biomesoplenty:temperate_rainforest,biomesoplenty:land_of_lakes,biomesoplenty:tropical_island</biomeIds>
			</planet>
			<oceanBlock>minecraft:lava</oceanBlock>
		</planet>
	</star>
	<star name="Epsilon ire" temp="170" x="-200" y="80" size="1.0" numPlanets="0" numGasGiants="0">
		<planet name="Sol-54" DIMID="54">
			<isKnown>false</isKnown>
			<fogColor>1.0,1.0,1.0</fogColor>
			<skyColor>0.8,0.6779641,0.0</skyColor>
			<gravitationalMultiplier>130</gravitationalMultiplier>
			<orbitalDistance>76</orbitalDistance>
			<orbitalPhi>0</orbitalPhi>
			<rotationalPeriod>10923</rotationalPeriod>
			<atmosphereDensity>174</atmosphereDensity>
			<biomeIds>advancedrocketry:hotdryrock</biomeIds>
			<planet name="Sol-54: 0" DIMID="55">
				<isKnown>false</isKnown>
				<fogColor>1.0,1.0,1.0</fogColor>
				<skyColor>0.47854662,0.59337306,1.0</skyColor>
				<gravitationalMultiplier>67</gravitationalMultiplier>
				<orbitalDistance>123</orbitalDistance>
				<orbitalPhi>-2</orbitalPhi>
				<rotationalPeriod>79797</rotationalPeriod>
				<atmosphereDensity>36</atmosphereDensity>
				<biomeIds>minecraft:mesa_rock,abyssalcraft:darklands_plains,minecraft:mutated_savanna,minecraft:mutated_swampland,minecraft:mushroom_island</biomeIds>
			</planet>
			<planet name="Sol-54: 1" DIMID="56">
				<isKnown>false</isKnown>
				<fogColor>1.0,1.0,1.0</fogColor>
				<skyColor>0.0,0.5569649,1.0</skyColor>
				<gravitationalMultiplier>44</gravitationalMultiplier>
				<orbitalDistance>187</orbitalDistance>
				<orbitalPhi>-2</orbitalPhi>
				<rotationalPeriod>281743</rotationalPeriod>
				<atmosphereDensity>25</atmosphereDensity>
				<biomeIds>advancedrocketry:moon,advancedrocketry:moondark</biomeIds>
			</planet>
			<oceanBlock>minecraft:lava</oceanBlock>
		</planet>
		<planet name="Sol-57" DIMID="57">
			<isKnown>false</isKnown>
			<fogColor>1.0,1.0,1.0</fogColor>
			<skyColor>0.8,0.60745287,0.0</skyColor>
			<gravitationalMultiplier>126</gravitationalMultiplier>
			<orbitalDistance>30</orbitalDistance>
			<orbitalPhi>1</orbitalPhi>
			<rotationalPeriod>11997</rotationalPeriod>
			<atmosphereDensity>130</atmosphereDensity>
			<biomeIds>advancedrocketry:hotdryrock</biomeIds>
			<planet name="Sol-57: 0" DIMID="58">
				<isKnown>false</isKnown>
				<hasRings>true</hasRings>
				<ringColor>0.0,0.6996974,1.0</ringColor>
				<fogColor>1.0,1.0,1.0</fogColor>
				<skyColor>0.0,0.6996974,1.0</skyColor>
				<gravitationalMultiplier>58</gravitationalMultiplier>
				<orbitalDistance>198</orbitalDistance>
				<orbitalPhi>-1</orbitalPhi>
				<rotationalPeriod>123006</rotationalPeriod>
				<atmosphereDensity>30</atmosphereDensity>
				<biomeIds>minecraft:mutated_savanna,minecraft:savanna,twilightforest:highlands_center,biomesoplenty:land_of_lakes,abyssalcraft:dreadlands</biomeIds>
			</planet>
			<planet name="Sol-57: 1" DIMID="59">
				<isKnown>false</isKnown>
				<fogColor>1.0,1.0,1.0</fogColor>
				<skyColor>0.0,0.93166876,1.0</skyColor>
				<gravitationalMultiplier>84</gravitationalMultiplier>
				<orbitalDistance>185</orbitalDistance>
				<orbitalPhi>4</orbitalPhi>
				<rotationalPeriod>40492</rotationalPeriod>
				<atmosphereDensity>21</atmosphereDensity>
				<biomeIds>advancedrocketry:moon,advancedrocketry:moondark</biomeIds>
			</planet>
			<planet name="Sol-57: 2" DIMID="60">
				<isKnown>false</isKnown>
				<fogColor>1.0,1.0,1.0</fogColor>
				<skyColor>0.28845263,0.8615352,1.0</skyColor>
				<gravitationalMultiplier>71</gravitationalMultiplier>
				<orbitalDistance>144</orbitalDistance>
				<orbitalPhi>-5</orbitalPhi>
				<rotationalPeriod>67055</rotationalPeriod>
				<atmosphereDensity>29</atmosphereDensity>
				<biomeIds>biomesoplenty:xeric_shrubland,minecraft:mushroom_island,biomesoplenty:mountain_foothills,biomesoplenty:corrupted_sands,minecraft:forest_hills</biomeIds>
			</planet>
			<oceanBlock>minecraft:lava</oceanBlock>
		</planet>
		<planet name="Sol-42" DIMID="42">
			<isKnown>false</isKnown>
			<fogColor>1.0,1.0,1.0</fogColor>
			<skyColor>0.8,0.74366796,0.0</skyColor>
			<gravitationalMultiplier>91</gravitationalMultiplier>
			<orbitalDistance>26</orbitalDistance>
			<orbitalPhi>-4</orbitalPhi>
			<rotationalPeriod>31848</rotationalPeriod>
			<atmosphereDensity>139</atmosphereDensity>
			<biomeIds>advancedrocketry:hotdryrock</biomeIds>
			<oceanBlock>minecraft:lava</oceanBlock>
		</planet>
		<planet name="Sol-43" DIMID="43">
			<isKnown>false</isKnown>
			<fogColor>1.0,1.0,1.0</fogColor>
			<skyColor>0.8,0.899805,0.79908735</skyColor>
			<gravitationalMultiplier>130</gravitationalMultiplier>
			<orbitalDistance>149</orbitalDistance>
			<orbitalPhi>-5</orbitalPhi>
			<rotationalPeriod>10923</rotationalPeriod>
			<atmosphereDensity>127</atmosphereDensity>
			<biomeIds>biomesoplenty:flower_island,biomesoplenty:corrupted_sands,twilightforest:dark_forest_center,twilightforest:deep_mushroom_forest,minecraft:savanna_rock,advancedrocketry:deepswamp,advancedrocketry:stormland</biomeIds>
			<planet name="Sol-43: 0" DIMID="44">
				<isKnown>false</isKnown>
				<fogColor>1.0,1.0,1.0</fogColor>
				<skyColor>0.0,0.50958043,1.0</skyColor>
				<gravitationalMultiplier>48</gravitationalMultiplier>
				<orbitalDistance>186</orbitalDistance>
				<orbitalPhi>3</orbitalPhi>
				<rotationalPeriod>217013</rotationalPeriod>
				<atmosphereDensity>14</atmosphereDensity>
				<biomeIds>advancedrocketry:moon,advancedrocketry:moondark</biomeIds>
			</planet>
			<planet name="Sol-43: 1" DIMID="45">
				<isKnown>false</isKnown>
				<fogColor>1.0,1.0,1.0</fogColor>
				<skyColor>0.0,0.9649303,1.0</skyColor>
				<gravitationalMultiplier>44</gravitationalMultiplier>
				<orbitalDistance>185</orbitalDistance>
				<orbitalPhi>1</orbitalPhi>
				<rotationalPeriod>281743</rotationalPeriod>
				<atmosphereDensity>18</atmosphereDensity>
				<seaLevel>75</seaLevel>
				<biomeIds>advancedrocketry:moon,advancedrocketry:moondark</biomeIds>
				<oceanBlock>advancedrocketry:oxygenfluid</oceanBlock>
			</planet>
		</planet>
		<planet name="Sol-61" DIMID="61">
			<isKnown>false</isKnown>
			<fogColor>1.0,1.0,1.0</fogColor>
			<skyColor>0.42981982,0.5288568,1.0</skyColor>
			<gravitationalMultiplier>130</gravitationalMultiplier>
			<orbitalDistance>108</orbitalDistance>
			<orbitalPhi>-4</orbitalPhi>
			<rotationalPeriod>10923</rotationalPeriod>
			<atmosphereDensity>21</atmosphereDensity>
			<biomeIds>advancedrocketry:moon,advancedrocketry:moondark</biomeIds>
		</planet>
		<planet name="Sol-46" DIMID="46">
			<isKnown>false</isKnown>
			<fogColor>1.0,1.0,1.0</fogColor>
			<skyColor>0.0,0.8165279,1.0</skyColor>
			<gravitationalMultiplier>113</gravitationalMultiplier>
			<orbitalDistance>200</orbitalDistance>
			<orbitalPhi>1</orbitalPhi>
			<rotationalPeriod>16633</rotationalPeriod>
			<atmosphereDensity>0</atmosphereDensity>
			<biomeIds>advancedrocketry:moon,advancedrocketry:moondark</biomeIds>
			<planet name="Sol-46: 1" DIMID="48">
				<isKnown>false</isKnown>
				<fogColor>1.0,1.0,1.0</fogColor>
				<skyColor>0.20960319,0.71552896,1.0</skyColor>
				<gravitationalMultiplier>31</gravitationalMultiplier>
				<orbitalDistance>134</orbitalDistance>
				<orbitalPhi>3</orbitalPhi>
				<rotationalPeriod>805612</rotationalPeriod>
				<atmosphereDensity>13</atmosphereDensity>
				<biomeIds>advancedrocketry:moon,advancedrocketry:moondark</biomeIds>
			</planet>
			<planet name="Sol-46: 2" DIMID="49">
				<isKnown>false</isKnown>
				<fogColor>1.0,1.0,1.0</fogColor>
				<skyColor>0.59299105,0.61090875,1.0</skyColor>
				<gravitationalMultiplier>38</gravitationalMultiplier>
				<orbitalDistance>102</orbitalDistance>
				<orbitalPhi>-3</orbitalPhi>
				<rotationalPeriod>437381</rotationalPeriod>
				<atmosphereDensity>27</atmosphereDensity>
				<biomeIds>minecraft:deep_ocean,biomesoplenty:marsh,minecraft:stone_beach,biomesoplenty:overgrown_cliffs,minecraft:swampland</biomeIds>
			</planet>
			<planet name="Sol-46: 0" DIMID="47">
				<isKnown>false</isKnown>
				<fogColor>1.0,1.0,1.0</fogColor>
				<skyColor>0.39342177,0.6429529,1.0</skyColor>
				<gravitationalMultiplier>80</gravitationalMultiplier>
				<orbitalDistance>109</orbitalDistance>
				<orbitalPhi>-2</orbitalPhi>
				<rotationalPeriod>46875</rotationalPeriod>
				<atmosphereDensity>17</atmosphereDensity>
				<biomeIds>advancedrocketry:moon,advancedrocketry:moondark</biomeIds>
			</planet>
		</planet>
		<planet name="Sol-62" DIMID="62">
			<isKnown>false</isKnown>
			<fogColor>1.0,1.0,1.0</fogColor>
			<skyColor>0.8,0.8842258,0.0</skyColor>
			<gravitationalMultiplier>130</gravitationalMultiplier>
			<orbitalDistance>100</orbitalDistance>
			<orbitalPhi>-2</orbitalPhi>
			<rotationalPeriod>10923</rotationalPeriod>
			<atmosphereDensity>200</atmosphereDensity>
			<biomeIds>advancedrocketry:hotdryrock</biomeIds>
			<planet name="Sol-62: 1" DIMID="64">
				<isKnown>false</isKnown>
				<fogColor>1.0,1.0,1.0</fogColor>
				<skyColor>0.7061391,0.62240875,1.0</skyColor>
				<gravitationalMultiplier>75</gravitationalMultiplier>
				<orbitalDistance>99</orbitalDistance>
				<orbitalPhi>-5</orbitalPhi>
				<rotationalPeriod>56888</rotationalPeriod>
				<atmosphereDensity>37</atmosphereDensity>
				<seaLevel>61</seaLevel>
				<biomeIds>minecraft:birch_forest,biomesoplenty:lush_desert,twilightforest:mushroom_forest,abyssalcraft:darklands_forest,minecraft:mutated_mesa</biomeIds>
			</planet>
			<planet name="Sol-62: 2" DIMID="65">
				<isKnown>false</isKnown>
				<fogColor>1.0,1.0,1.0</fogColor>
				<skyColor>0.0,0.8308555,1.0</skyColor>
				<gravitationalMultiplier>78</gravitationalMultiplier>
				<orbitalDistance>183</orbitalDistance>
				<orbitalPhi>-4</orbitalPhi>
				<rotationalPeriod>50574</rotationalPeriod>
				<atmosphereDensity>26</atmosphereDensity>
				<biomeIds>minecraft:jungle_edge,minecraft:mesa_rock,minecraft:mutated_plains,thaumcraft:eerie,biomesoplenty:tropical_island</biomeIds>
			</planet>
			<planet name="Sol-62: 0" DIMID="63">
				<isKnown>false</isKnown>
				<fogColor>1.0,1.0,1.0</fogColor>
				<skyColor>0.40894145,0.66591305,1.0</skyColor>
				<gravitationalMultiplier>79</gravitationalMultiplier>
				<orbitalDistance>108</orbitalDistance>
				<orbitalPhi>0</orbitalPhi>
				<rotationalPeriod>48677</rotationalPeriod>
				<atmosphereDensity>19</atmosphereDensity>
				<biomeIds>advancedrocketry:moon,advancedrocketry:moondark</biomeIds>
			</planet>
			<oceanBlock>minecraft:lava</oceanBlock>
		</planet>
	</star>
	<star name="Proxima Centaurs" temp="200" x="-150" y="250" size="1.0" numPlanets="0" numGasGiants="0">
		<planet name="Sol-66" DIMID="66">
			<isKnown>false</isKnown>
			<hasRings>true</hasRings>
			<ringColor>0.8,0.6693455,0.0</ringColor>
			<fogColor>1.0,1.0,1.0</fogColor>
			<skyColor>0.8,0.6693455,0.0</skyColor>
			<gravitationalMultiplier>125</gravitationalMultiplier>
			<orbitalDistance>27</orbitalDistance>
			<orbitalPhi>0</orbitalPhi>
			<rotationalPeriod>12288</rotationalPeriod>
			<atmosphereDensity>197</atmosphereDensity>
			<biomeIds>advancedrocketry:hotdryrock</biomeIds>
			<planet name="Sol-66: 0" DIMID="67">
				<isKnown>false</isKnown>
				<fogColor>1.0,1.0,1.0</fogColor>
				<skyColor>0.34921014,0.83470607,1.0</skyColor>
				<gravitationalMultiplier>70</gravitationalMultiplier>
				<orbitalDistance>134</orbitalDistance>
				<orbitalPhi>3</orbitalPhi>
				<rotationalPeriod>69970</rotationalPeriod>
				<atmosphereDensity>32</atmosphereDensity>
				<biomeIds>biomesoplenty:fungi_forest,biomesoplenty:prairie,biomesoplenty:sacred_springs,abyssalcraft:abyssal_wastelands,biomesoplenty:gravel_beach</biomeIds>
			</planet>
			<planet name="Sol-66: 1" DIMID="68">
				<isKnown>false</isKnown>
				<fogColor>1.0,1.0,1.0</fogColor>
				<skyColor>0.27925503,0.62297916,1.0</skyColor>
				<gravitationalMultiplier>52</gravitationalMultiplier>
				<orbitalDistance>144</orbitalDistance>
				<orbitalPhi>-4</orbitalPhi>
				<rotationalPeriod>170687</rotationalPeriod>
				<atmosphereDensity>34</atmosphereDensity>
				<biomeIds>biomesoplenty:flower_island,abyssalcraft:purified_dreadlands,abyssalcraft:dreadlands_mountains,minecraft:beaches,abyssalcraft:darklands_hills</biomeIds>
			</planet>
			<oceanBlock>minecraft:lava</oceanBlock>
		</planet>
		<planet name="Sol-69" DIMID="69">
			<isKnown>false</isKnown>
			<fogColor>1.0,1.0,1.0</fogColor>
			<skyColor>0.8,0.591796,0.9565604</skyColor>
			<gravitationalMultiplier>99</gravitationalMultiplier>
			<orbitalDistance>169</orbitalDistance>
			<orbitalPhi>-5</orbitalPhi>
			<rotationalPeriod>24734</rotationalPeriod>
			<atmosphereDensity>124</atmosphereDensity>
			<biomeIds>biomesoplenty:crag,twilightforest:snowy_forest,biomesoplenty:gravel_beach,biomesoplenty:kelp_forest,biomesoplenty:pasture</biomeIds>
		</planet>
		<planet name="Sol-70" DIMID="70">
			<isKnown>false</isKnown>
			<fogColor>1.0,1.0,1.0</fogColor>
			<skyColor>0.0,0.93277997,1.0</skyColor>
			<gravitationalMultiplier>97</gravitationalMultiplier>
			<orbitalDistance>200</orbitalDistance>
			<orbitalPhi>8</orbitalPhi>
			<rotationalPeriod>26296</rotationalPeriod>
			<atmosphereDensity>35</atmosphereDensity>
			<biomeIds>minecraft:mutated_mesa_clear_rock,biomesoplenty:mystic_grove,twilightforest:dark_forest,biomesoplenty:grove,minecraft:mutated_swampland</biomeIds>
		</planet>
	</star>
	<star name="Magnis Vulpes" temp="70" x="-150" y="-250" size="1.0" numPlanets="0" numGasGiants="0">
		<planet name="Sol-71" DIMID="71">
			<isKnown>false</isKnown>
			<fogColor>1.0,1.0,1.0</fogColor>
			<skyColor>0.8,0.86732066,0.0</skyColor>
			<gravitationalMultiplier>93</gravitationalMultiplier>
			<orbitalDistance>46</orbitalDistance>
			<orbitalPhi>-6</orbitalPhi>
			<rotationalPeriod>29837</rotationalPeriod>
			<atmosphereDensity>196</atmosphereDensity>
			<biomeIds>advancedrocketry:hotdryrock</biomeIds>
			<oceanBlock>minecraft:lava</oceanBlock>
		</planet>
		<planet name="Sol-72" DIMID="72">
			<isKnown>false</isKnown>
			<fogColor>1.0,1.0,1.0</fogColor>
			<skyColor>0.8,0.55026853,0.49489105</skyColor>
			<gravitationalMultiplier>125</gravitationalMultiplier>
			<orbitalDistance>82</orbitalDistance>
			<orbitalPhi>-3</orbitalPhi>
			<rotationalPeriod>12288</rotationalPeriod>
			<atmosphereDensity>115</atmosphereDensity>
			<biomeIds>twilightforest:fire_swamp,biomesoplenty:lush_desert,biomesoplenty:tropical_island,biomesoplenty:overgrown_cliffs,minecraft:desert_hills</biomeIds>
			<planet name="Sol-72: 0" DIMID="73">
				<isKnown>false</isKnown>
				<fogColor>1.0,1.0,1.0</fogColor>
				<skyColor>0.32030755,0.512128,1.0</skyColor>
				<gravitationalMultiplier>58</gravitationalMultiplier>
				<orbitalDistance>139</orbitalDistance>
				<orbitalPhi>-3</orbitalPhi>
				<rotationalPeriod>123006</rotationalPeriod>
				<atmosphereDensity>37</atmosphereDensity>
				<biomeIds>abyssalcraft:dark_realm,biomesoplenty:rainforest,biomesoplenty:highland,biomesoplenty:lush_swamp,twilightforest:twilight_highlands</biomeIds>
			</planet>
			<planet name="Sol-72: 1" DIMID="74">
				<isKnown>false</isKnown>
				<fogColor>1.0,1.0,1.0</fogColor>
				<skyColor>0.18772167,0.7302977,1.0</skyColor>
				<gravitationalMultiplier>45</gravitationalMultiplier>
				<orbitalDistance>160</orbitalDistance>
				<orbitalPhi>-4</orbitalPhi>
				<rotationalPeriod>263374</rotationalPeriod>
				<atmosphereDensity>34</atmosphereDensity>
				<biomeIds>twilightforest:mushroom_forest,minecraft:mutated_extreme_hills,biomesoplenty:grove,minecraft:mushroom_island_shore,minecraft:extreme_hills</biomeIds>
			</planet>
			<oceanBlock>minecraft:lava</oceanBlock>
		</planet>
	</star>
	<star name="Ma-Roo" temp="200" x="50" y="-250" size="1.0" numPlanets="0" numGasGiants="0">
		<planet name="Sol-83" DIMID="83">
			<isKnown>false</isKnown>
			<fogColor>1.0,1.0,1.0</fogColor>
			<skyColor>0.8,0.8302319,0.019895196</skyColor>
			<gravitationalMultiplier>130</gravitationalMultiplier>
			<orbitalDistance>126</orbitalDistance>
			<orbitalPhi>-4</orbitalPhi>
			<rotationalPeriod>10923</rotationalPeriod>
			<atmosphereDensity>196</atmosphereDensity>
			<biomeIds>advancedrocketry:hotdryrock</biomeIds>
			<planet name="Sol-83: 0" DIMID="84">
				<isKnown>false</isKnown>
				<fogColor>1.0,1.0,1.0</fogColor>
				<skyColor>0.12749898,0.7322925,1.0</skyColor>
				<gravitationalMultiplier>58</gravitationalMultiplier>
				<orbitalDistance>163</orbitalDistance>
				<orbitalPhi>-1</orbitalPhi>
				<rotationalPeriod>116857</rotationalPeriod>
				<atmosphereDensity>23</atmosphereDensity>
				<biomeIds>advancedrocketry:moon,advancedrocketry:moondark</biomeIds>
			</planet>
			<planet name="Sol-83: 1" DIMID="85">
				<isKnown>false</isKnown>
				<fogColor>1.0,1.0,1.0</fogColor>
				<skyColor>0.0,0.77294403,1.0</skyColor>
				<gravitationalMultiplier>64</gravitationalMultiplier>
				<orbitalDistance>182</orbitalDistance>
				<orbitalPhi>4</orbitalPhi>
				<rotationalPeriod>91552</rotationalPeriod>
				<atmosphereDensity>13</atmosphereDensity>
				<biomeIds>advancedrocketry:moon,advancedrocketry:moondark</biomeIds>
			</planet>
			<planet name="Sol-83: 2" DIMID="86">
				<isKnown>false</isKnown>
				<fogColor>1.0,1.0,1.0</fogColor>
				<skyColor>0.5520084,0.7730432,1.0</skyColor>
				<gravitationalMultiplier>58</gravitationalMultiplier>
				<orbitalDistance>117</orbitalDistance>
				<orbitalPhi>0</orbitalPhi>
				<rotationalPeriod>116857</rotationalPeriod>
				<atmosphereDensity>35</atmosphereDensity>
				<biomeIds>abyssalcraft:purified_dreadlands,biomesoplenty:outback,biomesoplenty:land_of_lakes,abyssalcraft:darklands_plains,biomesoplenty:lavender_fields</biomeIds>
			</planet>
			<oceanBlock>minecraft:lava</oceanBlock>
		</planet>
		<planet name="Sol-87" DIMID="87">
			<isKnown>false</isKnown>
			<fogColor>1.0,1.0,1.0</fogColor>
			<skyColor>0.8,0.5730571,0.11934441</skyColor>
			<gravitationalMultiplier>130</gravitationalMultiplier>
			<orbitalDistance>38</orbitalDistance>
			<orbitalPhi>0</orbitalPhi>
			<rotationalPeriod>10923</rotationalPeriod>
			<atmosphereDensity>111</atmosphereDensity>
			<biomeIds>advancedrocketry:hotdryrock</biomeIds>
			<planet name="Sol-87: 0" DIMID="88">
				<isKnown>false</isKnown>
				<fogColor>1.0,1.0,1.0</fogColor>
				<skyColor>0.24275464,0.8805934,1.0</skyColor>
				<gravitationalMultiplier>68</gravitationalMultiplier>
				<orbitalDistance>146</orbitalDistance>
				<orbitalPhi>-8</orbitalPhi>
				<rotationalPeriod>76328</rotationalPeriod>
				<atmosphereDensity>28</atmosphereDensity>
				<biomeIds>minecraft:mutated_birch_forest,minecraft:mutated_plains,minecraft:extreme_hills,twilightforest:mushroom_forest,biomesoplenty:fungi_forest</biomeIds>
			</planet>
			<planet name="Sol-87: 1" DIMID="89">
				<isKnown>false</isKnown>
				<fogColor>1.0,1.0,1.0</fogColor>
				<skyColor>0.0,0.9313042,1.0</skyColor>
				<gravitationalMultiplier>61</gravitationalMultiplier>
				<orbitalDistance>163</orbitalDistance>
				<orbitalPhi>-5</orbitalPhi>
				<rotationalPeriod>105735</rotationalPeriod>
				<atmosphereDensity>16</atmosphereDensity>
				<seaLevel>73</seaLevel>
				<biomeIds>advancedrocketry:moon,advancedrocketry:moondark</biomeIds>
				<oceanBlock>advancedrocketry:oxygenfluid</oceanBlock>
			</planet>
			<oceanBlock>minecraft:lava</oceanBlock>
		</planet>
		<planet name="Sol-90" DIMID="90">
			<isKnown>false</isKnown>
			<fogColor>1.0,1.0,1.0</fogColor>
			<skyColor>0.4451046,0.690528,1.0</skyColor>
			<gravitationalMultiplier>92</gravitationalMultiplier>
			<orbitalDistance>99</orbitalDistance>
			<orbitalPhi>-3</orbitalPhi>
			<rotationalPeriod>30821</rotationalPeriod>
			<atmosphereDensity>10</atmosphereDensity>
			<biomeIds>advancedrocketry:moon,advancedrocketry:moondark</biomeIds>
		</planet>
		<planet name="Sol-75" DIMID="75">
			<isKnown>false</isKnown>
			<fogColor>1.0,1.0,1.0</fogColor>
			<skyColor>0.8,0.7882613,0.0</skyColor>
			<gravitationalMultiplier>130</gravitationalMultiplier>
			<orbitalDistance>47</orbitalDistance>
			<orbitalPhi>0</orbitalPhi>
			<rotationalPeriod>10923</rotationalPeriod>
			<atmosphereDensity>146</atmosphereDensity>
			<biomeIds>advancedrocketry:hotdryrock</biomeIds>
			<planet name="Sol-75: 0" DIMID="76">
				<isKnown>false</isKnown>
				<fogColor>1.0,1.0,1.0</fogColor>
				<skyColor>0.6098639,0.7427608,1.0</skyColor>
				<gravitationalMultiplier>79</gravitationalMultiplier>
				<orbitalDistance>105</orbitalDistance>
				<orbitalPhi>0</orbitalPhi>
				<rotationalPeriod>48677</rotationalPeriod>
				<atmosphereDensity>34</atmosphereDensity>
				<biomeIds>advancedrocketry:crystalchasms</biomeIds>
			</planet>
			<planet name="Sol-75: 1" DIMID="77">
				<isKnown>false</isKnown>
				<fogColor>1.0,1.0,1.0</fogColor>
				<skyColor>0.22692508,0.8820548,1.0</skyColor>
				<gravitationalMultiplier>68</gravitationalMultiplier>
				<orbitalDistance>149</orbitalDistance>
				<orbitalPhi>-4</orbitalPhi>
				<rotationalPeriod>76328</rotationalPeriod>
				<atmosphereDensity>28</atmosphereDensity>
				<biomeIds>biomesoplenty:tropical_rainforest,abyssalcraft:dreadlands,twilightforest:dense_twilight_forest,biomesoplenty:bamboo_forest,biomesoplenty:quagmire</biomeIds>
			</planet>
			<oceanBlock>minecraft:lava</oceanBlock>
		</planet>
		<planet name="Sol-78" DIMID="78">
			<isKnown>false</isKnown>
			<fogColor>1.0,1.0,1.0</fogColor>
			<skyColor>0.8,0.71340525,0.48366815</skyColor>
			<gravitationalMultiplier>94</gravitationalMultiplier>
			<orbitalDistance>87</orbitalDistance>
			<orbitalPhi>0</orbitalPhi>
			<rotationalPeriod>28895</rotationalPeriod>
			<atmosphereDensity>108</atmosphereDensity>
			<biomeIds>biomesoplenty:temperate_rainforest,biomesoplenty:fungi_forest,thaumcraft:magical_forest,minecraft:mutated_redwood_taiga,minecraft:swampland</biomeIds>
			<oceanBlock>minecraft:lava</oceanBlock>
		</planet>
		<planet name="Sol-79" DIMID="79">
			<isKnown>false</isKnown>
			<fogColor>1.0,1.0,1.0</fogColor>
			<skyColor>0.54128075,0.53988236,1.0</skyColor>
			<gravitationalMultiplier>122</gravitationalMultiplier>
			<orbitalDistance>149</orbitalDistance>
			<orbitalPhi>0</orbitalPhi>
			<rotationalPeriod>13216</rotationalPeriod>
			<atmosphereDensity>63</atmosphereDensity>
			<biomeIds>minecraft:ice_flats</biomeIds>
			<planet name="Sol-79: 0" DIMID="80">
				<isKnown>false</isKnown>
				<fogColor>1.0,1.0,1.0</fogColor>
				<skyColor>0.45806366,0.737105,1.0</skyColor>
				<gravitationalMultiplier>77</gravitationalMultiplier>
				<orbitalDistance>119</orbitalDistance>
				<orbitalPhi>-1</orbitalPhi>
				<rotationalPeriod>52570</rotationalPeriod>
				<atmosphereDensity>33</atmosphereDensity>
				<seaLevel>64</seaLevel>
				<biomeIds>minecraft:stone_beach,abyssalcraft:dark_realm,minecraft:mutated_savanna_rock,minecraft:mushroom_island,biomesoplenty:steppe</biomeIds>
			</planet>
			<planet name="Sol-79: 1" DIMID="81">
				<isKnown>false</isKnown>
				<fogColor>1.0,1.0,1.0</fogColor>
				<skyColor>0.0,0.76812994,1.0</skyColor>
				<gravitationalMultiplier>79</gravitationalMultiplier>
				<orbitalDistance>176</orbitalDistance>
				<orbitalPhi>-2</orbitalPhi>
				<rotationalPeriod>48677</rotationalPeriod>
				<atmosphereDensity>15</atmosphereDensity>
				<seaLevel>55</seaLevel>
				<biomeIds>advancedrocketry:moon,advancedrocketry:moondark</biomeIds>
			</planet>
			<planet name="Sol-79: 2" DIMID="82">
				<isKnown>false</isKnown>
				<fogColor>1.0,1.0,1.0</fogColor>
				<skyColor>0.03484434,0.83194745,1.0</skyColor>
				<gravitationalMultiplier>68</gravitationalMultiplier>
				<orbitalDistance>181</orbitalDistance>
				<orbitalPhi>-5</orbitalPhi>
				<rotationalPeriod>76328</rotationalPeriod>
				<atmosphereDensity>36</atmosphereDensity>
				<biomeIds>minecraft:savanna,twilightforest:mushroom_forest,biomesoplenty:mangrove,biomesoplenty:eucalyptus_forest,biomesoplenty:lavender_fields</biomeIds>
			</planet>
		</planet>
	</star>
	<star name="Alykitt" temp="120" x="75" y="200" size="1.0" numPlanets="0" numGasGiants="0">
		<planet name="Sol-96" DIMID="96">
			<isKnown>false</isKnown>
			<fogColor>1.0,1.0,1.0</fogColor>
			<skyColor>0.8,0.904132,0.0</skyColor>
			<gravitationalMultiplier>129</gravitationalMultiplier>
			<orbitalDistance>7</orbitalDistance>
			<orbitalPhi>-3</orbitalPhi>
			<rotationalPeriod>11180</rotationalPeriod>
			<atmosphereDensity>156</atmosphereDensity>
			<biomeIds>advancedrocketry:hotdryrock</biomeIds>
			<planet name="Sol-96: 0" DIMID="97">
				<isKnown>false</isKnown>
				<fogColor>1.0,1.0,1.0</fogColor>
				<skyColor>0.35917985,0.74741185,1.0</skyColor>
				<gravitationalMultiplier>66</gravitationalMultiplier>
				<orbitalDistance>133</orbitalDistance>
				<orbitalPhi>-3</orbitalPhi>
				<rotationalPeriod>83479</rotationalPeriod>
				<atmosphereDensity>33</atmosphereDensity>
				<biomeIds>minecraft:mutated_swampland,minecraft:mutated_birch_forest,minecraft:mesa_clear_rock,biomesoplenty:kelp_forest,biomesoplenty:mangrove</biomeIds>
			</planet>
			<oceanBlock>minecraft:lava</oceanBlock>
		</planet>
		<planet name="Sol-98" DIMID="98">
			<isKnown>false</isKnown>
			<fogColor>1.0,1.0,1.0</fogColor>
			<skyColor>0.8,0.88380873,0.30215096</skyColor>
			<gravitationalMultiplier>104</gravitationalMultiplier>
			<orbitalDistance>99</orbitalDistance>
			<orbitalPhi>-2</orbitalPhi>
			<rotationalPeriod>20732</rotationalPeriod>
			<atmosphereDensity>141</atmosphereDensity>
			<biomeIds>minecraft:jungle_hills,minecraft:ocean,biomesoplenty:brushland,minecraft:desert_hills,biomesoplenty:lush_desert,advancedrocketry:deepswamp,advancedrocketry:stormland</biomeIds>
			<planet name="Sol-98: 0" DIMID="99">
				<isKnown>false</isKnown>
				<fogColor>1.0,1.0,1.0</fogColor>
				<skyColor>0.17421353,0.7322486,1.0</skyColor>
				<gravitationalMultiplier>47</gravitationalMultiplier>
				<orbitalDistance>134</orbitalDistance>
				<orbitalPhi>-5</orbitalPhi>
				<rotationalPeriod>231162</rotationalPeriod>
				<atmosphereDensity>15</atmosphereDensity>
				<seaLevel>56</seaLevel>
				<biomeIds>advancedrocketry:moon,advancedrocketry:moondark</biomeIds>
			</planet>
			<planet name="Sol-98: 1" DIMID="100">
				<isKnown>false</isKnown>
				<fogColor>1.0,1.0,1.0</fogColor>
				<skyColor>0.42817903,0.8185272,1.0</skyColor>
				<gravitationalMultiplier>62</gravitationalMultiplier>
				<orbitalDistance>108</orbitalDistance>
				<orbitalPhi>-5</orbitalPhi>
				<rotationalPeriod>100701</rotationalPeriod>
				<atmosphereDensity>23</atmosphereDensity>
				<seaLevel>73</seaLevel>
				<biomeIds>advancedrocketry:moon,advancedrocketry:moondark</biomeIds>
				<oceanBlock>advancedrocketry:oxygenfluid</oceanBlock>
			</planet>
			<planet name="Sol-98: 2" DIMID="101">
				<isKnown>false</isKnown>
				<fogColor>1.0,1.0,1.0</fogColor>
				<skyColor>0.0,0.8981198,1.0</skyColor>
				<gravitationalMultiplier>58</gravitationalMultiplier>
				<orbitalDistance>178</orbitalDistance>
				<orbitalPhi>1</orbitalPhi>
				<rotationalPeriod>116857</rotationalPeriod>
				<atmosphereDensity>23</atmosphereDensity>
				<biomeIds>advancedrocketry:moon,advancedrocketry:moondark</biomeIds>
			</planet>
			<oceanBlock>minecraft:lava</oceanBlock>
		</planet>
		<planet name="Sol-102" DIMID="102">
			<isKnown>false</isKnown>
			<fogColor>1.0,1.0,1.0</fogColor>
			<skyColor>0.16866589,0.8993881,1.0</skyColor>
			<gravitationalMultiplier>125</gravitationalMultiplier>
			<orbitalDistance>191</orbitalDistance>
			<orbitalPhi>1</orbitalPhi>
			<rotationalPeriod>12288</rotationalPeriod>
			<atmosphereDensity>63</atmosphereDensity>
			<biomeIds>minecraft:stone_beach,beneath:the_beneath,biomesoplenty:volcanic_island,biomesoplenty:kelp_forest,twilightforest:mushroom_forest</biomeIds>
			<planet name="Sol-102: 0" DIMID="103">
				<isKnown>false</isKnown>
				<fogColor>1.0,1.0,1.0</fogColor>
				<skyColor>0.39600086,0.93654096,1.0</skyColor>
				<gravitationalMultiplier>67</gravitationalMultiplier>
				<orbitalDistance>121</orbitalDistance>
				<orbitalPhi>-6</orbitalPhi>
				<rotationalPeriod>79797</rotationalPeriod>
				<atmosphereDensity>27</atmosphereDensity>
				<biomeIds>biomesoplenty:lush_swamp,biomesoplenty:lush_desert,minecraft:jungle_hills,twilightforest:enchanted_forest,abyssalcraft:darklands_hills</biomeIds>
			</planet>
		</planet>
		<planet name="Sol-91" DIMID="91">
			<isKnown>false</isKnown>
			<GasGiant>true</GasGiant>
			<fogColor>1.0,1.0,1.0</fogColor>
			<skyColor>1.0,1.0,1.0</skyColor>
			<gravitationalMultiplier>123</gravitationalMultiplier>
			<orbitalDistance>200</orbitalDistance>
			<orbitalPhi>0</orbitalPhi>
			<rotationalPeriod>24000</rotationalPeriod>
			<atmosphereDensity>128</atmosphereDensity>
			<planet name="Sol-91: 0" DIMID="92">
				<isKnown>false</isKnown>
				<fogColor>1.0,1.0,1.0</fogColor>
				<skyColor>0.27799666,0.6640656,1.0</skyColor>
				<gravitationalMultiplier>60</gravitationalMultiplier>
				<orbitalDistance>127</orbitalDistance>
				<orbitalPhi>-2</orbitalPhi>
				<rotationalPeriod>111111</rotationalPeriod>
				<atmosphereDensity>18</atmosphereDensity>
				<seaLevel>76</seaLevel>
				<biomeIds>advancedrocketry:moon,advancedrocketry:moondark</biomeIds>
				<oceanBlock>advancedrocketry:oxygenfluid</oceanBlock>
			</planet>
			<planet name="Sol-91: 1" DIMID="93">
				<isKnown>false</isKnown>
				<fogColor>1.0,1.0,1.0</fogColor>
				<skyColor>0.0,0.60304785,1.0</skyColor>
				<gravitationalMultiplier>36</gravitationalMultiplier>
				<orbitalDistance>194</orbitalDistance>
				<orbitalPhi>-8</orbitalPhi>
				<rotationalPeriod>514403</rotationalPeriod>
				<atmosphereDensity>24</atmosphereDensity>
				<biomeIds>advancedrocketry:moon,advancedrocketry:moondark</biomeIds>
			</planet>
			<planet name="Sol-91: 2" DIMID="94">
				<isKnown>false</isKnown>
				<fogColor>1.0,1.0,1.0</fogColor>
				<skyColor>0.103865266,0.9313252,1.0</skyColor>
				<gravitationalMultiplier>48</gravitationalMultiplier>
				<orbitalDistance>170</orbitalDistance>
				<orbitalPhi>-1</orbitalPhi>
				<rotationalPeriod>217013</rotationalPeriod>
				<atmosphereDensity>32</atmosphereDensity>
				<biomeIds>biomesoplenty:cherry_blossom_grove,abyssalcraft:darklands_hills,biomesoplenty:coral_reef,minecraft:jungle,twilightforest:twilight_stream</biomeIds>
			</planet>
			<planet name="Sol-91: 3" DIMID="95">
				<isKnown>false</isKnown>
				<fogColor>1.0,1.0,1.0</fogColor>
				<skyColor>0.15610641,0.5095594,1.0</skyColor>
				<gravitationalMultiplier>62</gravitationalMultiplier>
				<orbitalDistance>159</orbitalDistance>
				<orbitalPhi>2</orbitalPhi>
				<rotationalPeriod>100701</rotationalPeriod>
				<atmosphereDensity>28</atmosphereDensity>
				<biomeIds>biomesoplenty:tropical_island,minecraft:extreme_hills_with_trees,minecraft:savanna,biomesoplenty:steppe,biomesoplenty:prairie</biomeIds>
			</planet>
		</planet>
	</star>
</galaxy>